Job,LLAMA,Gemini
"{'Company Name': 'Superset', 'Job Title': 'Software Developer I', 'Location': 'Bangalore', 'Skills': ""['Python', 'Javascript', 'MySQL']"", 'Job Type': 'In-Office', 'Salary': 'Rs. 8 LPA - Rs. 15 LPA', 'Experience': 'Year of experience - 1 - 3 Years'}","{'job_title': 'Software Developer I', 'job_link': None, 'company_name': 'Superset', 'experience': '1 - 3 Years', 'salary': 'Rs. 8 LPA - Rs. 15 LPA', 'location': 'Bangalore', 'job_description': None, 'skills': ['Python', 'Javascript', 'MySQL']}","{'job title': 'Software Developer I', 'job link': None, 'company name': 'Superset', 'experience': '1 - 3 Years', 'salary': 'Rs. 8 LPA - Rs. 15 LPA', 'location': 'Bangalore', 'job description': None, 'skills': ['Python', 'Javascript', 'MySQL']}"
"{'Company Name': 'meesho', 'Job Title': 'Software Development Engineer I (iOS)', 'Location': 'Bangalore', 'Skills': ""['iOS Development', 'Swift']"", 'Job Type': 'In-Office', 'Salary': 'Rs. 15 LPA - Rs. 30 LPA', 'Experience': 'Year of experience - 0 - 1 Years'}","{'job_title': 'Software Development Engineer I (iOS)', 'job_link': None, 'company_name': 'meesho', 'experience': '0 - 1 Years', 'salary': 'Rs. 15 LPA - Rs. 30 LPA', 'location': 'Bangalore', 'job_description': None, 'skills': ['iOS Development', 'Swift']}","{'job title': 'Software Development Engineer I (iOS)', 'job link': None, 'company name': 'meesho', 'experience': '0 - 1 Years', 'salary': 'Rs. 15 LPA - Rs. 30 LPA', 'location': 'Bangalore', 'job description': None, 'skills': ['iOS Development', 'Swift']}"
"{'Company Name': 'MoEngage', 'Job Title': 'Software Engineer (Backend)', 'Location': 'Bengaluru', 'Skills': ""['Python/Java/C++']"", 'Job Type': 'In-Office', 'Salary': 'Rs. 8 LPA - Rs. 15 LPA', 'Experience': 'Year of experience - 0 - 3 Years'}","{'job_title': 'Software Engineer (Backend)', 'job_link': None, 'company_name': 'MoEngage', 'experience': '0 - 3 Years', 'salary': 'Rs. 8 LPA - Rs. 15 LPA', 'location': 'Bengaluru', 'job_description': None, 'skills': ['Python', 'Java', 'C++']}","{'job title': 'Software Engineer (Backend)', 'job link': None, 'company name': 'MoEngage', 'experience': '0 - 3 Years', 'salary': 'Rs. 8 LPA - Rs. 15 LPA', 'location': 'Bengaluru', 'job description': None, 'skills': ['Python', 'Java', 'C++']}"
"{'Company Name': 'Razorpay', 'Job Title': 'Product Support Engineer', 'Location': 'Bangalore', 'Skills': ""['Python', 'MySQL']"", 'Job Type': 'In-Office', 'Salary': 'Rs. 5 LPA - Rs. 8 LPA', 'Experience': 'Year of experience - Fresher'}","{'job_title': 'Product Support Engineer', 'job_link': None, 'company_name': 'Razorpay', 'experience': 'Fresher', 'salary': 'Rs. 5 LPA - Rs. 8 LPA', 'location': 'Bangalore', 'job_description': None, 'skills': ['Python', 'MySQL']}","{'job title': 'Product Support Engineer', 'job link': None, 'company name': 'Razorpay', 'experience': 'Fresher', 'salary': 'Rs. 5 LPA - Rs. 8 LPA', 'location': 'Bangalore', 'job description': None, 'skills': ['Python', 'MySQL']}"
"{'Company Name': 'Turing', 'Job Title': 'Remote Fullstack Specialist', 'Location': 'Remote', 'Skills': ""['Full Stack Development']"", 'Job Type': 'Remote', 'Salary': 'Rs. 6 LPA - Rs. 10 LPA', 'Experience': 'Year of experience - Fresher'}","{'job_title': 'Remote Fullstack Specialist', 'job_link': None, 'company_name': 'Turing', 'experience': 'Fresher', 'salary': 'Rs. 6 LPA - Rs. 10 LPA', 'location': 'Remote', 'job_description': None, 'skills': ['Full Stack Development']}","{'job title': 'Remote Fullstack Specialist', 'job link': None, 'company name': 'Turing', 'experience': 'Fresher', 'salary': 'Rs. 6 LPA - Rs. 10 LPA', 'location': 'Remote', 'job description': None, 'skills': ['Full Stack Development']}"
"{'Company Name': 'Adani AI Labs', 'Job Title': 'Frontend Developer', 'Location': 'Kolkata', 'Skills': ""['HTML', 'CSS', 'Javascript']"", 'Job Type': 'In-Office', 'Salary': 'Rs. 4 LPA - Rs. 6.5 LPA', 'Experience': 'Year of experience - Fresher'}","{'job_title': 'Frontend Developer', 'job_link': None, 'company_name': 'Adani AI Labs', 'experience': 'Fresher', 'salary': 'Rs. 4 LPA - Rs. 6.5 LPA', 'location': 'Kolkata', 'job_description': None, 'skills': ['HTML', 'CSS', 'Javascript']}","{'job title': 'Frontend Developer', 'job link': None, 'company name': 'Adani AI Labs', 'experience': 'Fresher', 'salary': 'Rs. 4 LPA - Rs. 6.5 LPA', 'location': 'Kolkata', 'job description': None, 'skills': ['HTML', 'CSS', 'Javascript']}"
"{'Company Name': 'PayU', 'Job Title': 'Associate Software Engineer', 'Location': 'Gurgaon', 'Skills': ""['Python', 'HTML', 'CSS', 'JavaScript', 'SQL']"", 'Job Type': 'Hybrid', 'Salary': 'Rs. 6 LPA - 8 LPA', 'Experience': 'Year of experience - 0 - 2 Years'}","{'job_title': 'Associate Software Engineer', 'job_link': None, 'company_name': 'PayU', 'experience': '0 - 2 Years', 'salary': 'Rs. 6 LPA - 8 LPA', 'location': 'Gurgaon', 'job_description': None, 'skills': ['Python', 'HTML', 'CSS', 'JavaScript', 'SQL']}","{'job title': 'Associate Software Engineer', 'job link': None, 'company name': 'PayU', 'experience': '0 - 2 Years', 'salary': 'Rs. 6 LPA - 8 LPA', 'location': 'Gurgaon', 'job description': None, 'skills': ['Python', 'HTML', 'CSS', 'JavaScript', 'SQL']}"
"{'Company Name': 'American Express', 'Job Title': 'Engineer', 'Location': 'Gurgaon', 'Skills': ""['Python', 'HTML', 'CSS']"", 'Job Type': 'Hybrid', 'Salary': 'Rs. 6 LPA - Rs. 10 LPA', 'Experience': 'Year of experience - Fresher'}","{'job_title': 'Engineer', 'job_link': None, 'company_name': 'American Express', 'experience': 'Fresher', 'salary': 'Rs. 6 LPA - Rs. 10 LPA', 'location': 'Gurgaon', 'job_description': None, 'skills': ['Python', 'HTML', 'CSS']}","{'job title': 'Engineer', 'job link': None, 'company name': 'American Express', 'experience': 'Fresher', 'salary': 'Rs. 6 LPA - Rs. 10 LPA', 'location': 'Gurgaon', 'job description': None, 'skills': ['Python', 'HTML', 'CSS']}"
"{'Company Name': 'ZS', 'Job Title': 'Software Engineer - .Net', 'Location': 'Pune', 'Skills': ""['.Net', 'Software Engineering']"", 'Job Type': 'In-Office', 'Salary': 'Rs. 6 LPA - Rs. 10 LPA', 'Experience': 'Year of experience - 0 - 3 Years'}","{'job_title': 'Software Engineer - .Net', 'job_link': None, 'company_name': 'ZS', 'experience': '0 - 3 Years', 'salary': 'Rs. 6 LPA - Rs. 10 LPA', 'location': 'Pune', 'job_description': None, 'skills': ['.Net', 'Software Engineering']}","{'job title': 'Software Engineer - .Net', 'job link': None, 'company name': 'ZS', 'experience': '0 - 3 Years', 'salary': 'Rs. 6 LPA - Rs. 10 LPA', 'location': 'Pune', 'job description': None, 'skills': ['.Net', 'Software Engineering']}"
"{'Company Name': 'NetApp', 'Job Title': 'Software Engineer', 'Location': 'Bengaluru', 'Skills': ""['Python/Java/C++', 'SQL']"", 'Job Type': 'In-Office', 'Salary': 'Rs. 8 LPA - Rs. 12 LPA', 'Experience': 'Year of experience - Freshers'}","{'job_title': 'Software Engineer', 'job_link': None, 'company_name': 'NetApp', 'experience': 'Freshers', 'salary': 'Rs. 8 LPA - Rs. 12 LPA', 'location': 'Bengaluru', 'job_description': None, 'skills': ['Python/Java/C++', 'SQL']}","{'job title': 'Software Engineer', 'job link': None, 'company name': 'NetApp', 'experience': 'Year of experience - Freshers', 'salary': 'Rs. 8 LPA - Rs. 12 LPA', 'location': 'Bengaluru', 'job description': None, 'skills': ""['Python/Java/C++', 'SQL']""}"
"{'Company Name': 'Lenskart', 'Job Title': 'Software Engineer - Full Stack', 'Location': 'Bangalore', 'Skills': ""['Full Stack Development']"", 'Job Type': 'In-Office', 'Salary': 'Rs. 8 LPA - Rs. 12 LPA', 'Experience': 'Year of experience - 1 - 3 Years'}","{'job_title': 'Software Engineer - Full Stack', 'job_link': None, 'company_name': 'Lenskart', 'experience': '1 - 3 Years', 'salary': 'Rs. 8 LPA - Rs. 12 LPA', 'location': 'Bangalore', 'job_description': None, 'skills': ['Full Stack Development']}","{'job title': 'Software Engineer - Full Stack', 'job link': None, 'company name': 'Lenskart', 'experience': '1 - 3 Years', 'salary': 'Rs. 8 LPA - Rs. 12 LPA', 'location': 'Bangalore', 'job description': None, 'skills': ['Full Stack Development']}"
"{'Company Name': 'PayU', 'Job Title': 'Software Engineer', 'Location': 'Bangalore', 'Skills': ""['Python/Java/C/C++']"", 'Job Type': 'In-Office', 'Salary': 'Rs. 10 LPA - Rs. 15 LPA', 'Experience': 'Year of experience - Freshers'}","{'job_title': 'Software Engineer', 'job_link': None, 'company_name': 'PayU', 'experience': 'Freshers', 'salary': 'Rs. 10 LPA - Rs. 15 LPA', 'location': 'Bangalore', 'job_description': None, 'skills': ['Python', 'Java', 'C', 'C++']}","{'job title': 'Software Engineer', 'job link': None, 'company name': 'PayU', 'experience': 'Year of experience - Freshers', 'salary': 'Rs. 10 LPA - Rs. 15 LPA', 'location': 'Bangalore', 'job description': None, 'skills': ""['Python/Java/C/C++']""}"
"{'Company Name': 'Sprinklr', 'Job Title': 'Technical Supoort Engineer', 'Location': 'Gurgaon, Bangalore', 'Skills': ""['JavaScript/Python/Java', 'SQL']"", 'Job Type': 'In-Office', 'Salary': 'Rs. 6 LPA - Rs. 9 LPA', 'Experience': 'Year of experience - 0 - 3 Years'}","{'job_title': 'Technical Supoort Engineer', 'job_link': None, 'company_name': 'Sprinklr', 'experience': '0 - 3 Years', 'salary': 'Rs. 6 LPA - Rs. 9 LPA', 'location': 'Gurgaon, Bangalore', 'job_description': None, 'skills': ['JavaScript/Python/Java', 'SQL']}","{'job title': 'Technical Supoort Engineer', 'job link': None, 'company name': 'Sprinklr', 'experience': '0 - 3 Years', 'salary': 'Rs. 6 LPA - Rs. 9 LPA', 'location': 'Gurgaon, Bangalore', 'job description': None, 'skills': ['JavaScript/Python/Java', 'SQL']}"
"{'Company Name': 'Oracle', 'Job Title': 'Software Engineer', 'Location': 'Hyderabad', 'Skills': ""['Javascript', 'HTML', 'CSS']"", 'Job Type': 'In-Office', 'Salary': 'Rs. 7 LPA - Rs. 12 LPA', 'Experience': 'Year of experience - 0 - 2 Years'}","{'job_title': 'Software Engineer', 'job_link': None, 'company_name': 'Oracle', 'experience': '0 - 2 Years', 'salary': 'Rs. 7 LPA - Rs. 12 LPA', 'location': 'Hyderabad', 'job_description': None, 'skills': ['Javascript', 'HTML', 'CSS']}","{'job title': 'Software Engineer', 'job link': None, 'company name': 'Oracle', 'experience': '0 - 2 Years', 'salary': 'Rs. 7 LPA - Rs. 12 LPA', 'location': 'Hyderabad', 'job description': None, 'skills': ['Javascript', 'HTML', 'CSS']}"
"{'Company Name': 'Conduent', 'Job Title': 'Technical Business Analysis Engineer I', 'Location': 'Noida', 'Skills': ""['Software Engineering']"", 'Job Type': 'In-Office', 'Salary': 'Rs. 4.5 LPA - Rs. 6.5 LPA', 'Experience': 'Year of experience - Fresher'}","{'job_title': 'Technical Business Analysis Engineer I', 'job_link': None, 'company_name': 'Conduent', 'experience': 'Fresher', 'salary': 'Rs. 4.5 LPA - Rs. 6.5 LPA', 'location': 'Noida', 'job_description': None, 'skills': ['Software Engineering']}","{'job title': 'Technical Business Analysis Engineer I', 'job link': None, 'company name': 'Conduent', 'experience': 'Fresher', 'salary': 'Rs. 4.5 LPA - Rs. 6.5 LPA', 'location': 'Noida', 'job description': None, 'skills': ['Software Engineering']}"
"{'Company Name': 'GAP Inc.', 'Job Title': 'Software Engineer', 'Location': 'Hyderabad', 'Skills': ""['Python/Java/C/C++']"", 'Job Type': 'In-Office', 'Salary': 'Rs. 6 LPA - Rs. 9 LPA', 'Experience': 'Year of experience - Fresher'}","{'job_title': 'Software Engineer', 'job_link': None, 'company_name': 'GAP Inc.', 'experience': 'Fresher', 'salary': 'Rs. 6 LPA - Rs. 9 LPA', 'location': 'Hyderabad', 'job_description': None, 'skills': ['Python', 'Java', 'C', 'C++']}","{'job title': 'Software Engineer', 'job link': None, 'company name': 'GAP Inc.', 'experience': 'Fresher', 'salary': 'Rs. 6 LPA - Rs. 9 LPA', 'location': 'Hyderabad', 'job description': None, 'skills': ""['Python/Java/C/C++']""}"
"{'Company Name': 'Qualcomm', 'Job Title': 'Associate Engineer', 'Location': 'Hyderabad', 'Skills': ""['C', 'C++', 'Java', 'Python', 'SQL']"", 'Job Type': 'In-Office', 'Salary': 'Rs. 11 LPA - Rs. 15 LPA', 'Experience': 'Year of experience - 0 - 1 Years'}","{'job_title': 'Associate Engineer', 'job_link': None, 'company_name': 'Qualcomm', 'experience': '0 - 1 Years', 'salary': 'Rs. 11 LPA - Rs. 15 LPA', 'location': 'Hyderabad', 'job_description': None, 'skills': ['C', 'C++', 'Java', 'Python', 'SQL']}","{'job title': 'Associate Engineer', 'job link': None, 'company name': 'Qualcomm', 'experience': '0 - 1 Years', 'salary': 'Rs. 11 LPA - Rs. 15 LPA', 'location': 'Hyderabad', 'job description': None, 'skills': ['C', 'C++', 'Java', 'Python', 'SQL']}"
"{'Company Name': 'Amazon', 'Job Title': 'IT Application Engineer', 'Location': 'Hyderabad', 'Skills': ""['SQL']"", 'Job Type': 'In-Office', 'Salary': 'Rs. 12 LPA - Rs. 18 LPA', 'Experience': 'Year of experience - Fresher'}","{'job_title': 'IT Application Engineer', 'job_link': None, 'company_name': 'Amazon', 'experience': 'Fresher', 'salary': 'Rs. 12 LPA - Rs. 18 LPA', 'location': 'Hyderabad', 'job_description': None, 'skills': ['SQL']}","{'job title': 'IT Application Engineer', 'job link': None, 'company name': 'Amazon', 'experience': 'Fresher', 'salary': 'Rs. 12 LPA - Rs. 18 LPA', 'location': 'Hyderabad', 'job description': None, 'skills': ['SQL']}"
"{'Company Name': 'Optum', 'Job Title': 'Software Engineer', 'Location': 'Hyderabad', 'Skills': ""['Javascript', 'Python']"", 'Job Type': 'In-Office', 'Salary': 'Rs. 5 LPA - Rs. 8 LPA', 'Experience': 'Year of experience - Freshers'}","{'job_title': 'Software Engineer', 'job_link': None, 'company_name': 'Optum', 'experience': 'Freshers', 'salary': 'Rs. 5 LPA - Rs. 8 LPA', 'location': 'Hyderabad', 'job_description': None, 'skills': ['Javascript', 'Python']}","{'job title': 'Software Engineer', 'job link': None, 'company name': 'Optum', 'experience': 'Year of experience - Freshers', 'salary': 'Rs. 5 LPA - Rs. 8 LPA', 'location': 'Hyderabad', 'job description': None, 'skills': ['Javascript', 'Python']}"
"{'Company Name': 'Capegemini', 'Job Title': 'Android Developer', 'Location': 'Coimbatore', 'Skills': ""['Android Development']"", 'Job Type': 'In-Office', 'Salary': 'Rs. 4 LPA - Rs. 6 LPA', 'Experience': 'Year of experience - 0 - 2 Years'}","{'job_title': 'Android Developer', 'job_link': None, 'company_name': 'Capegemini', 'experience': '0 - 2 Years', 'salary': 'Rs. 4 LPA - Rs. 6 LPA', 'location': 'Coimbatore', 'job_description': None, 'skills': ['Android Development']}","{'job title': 'Android Developer', 'job link': None, 'company name': 'Capegemini', 'experience': '0 - 2 Years', 'salary': 'Rs. 4 LPA - Rs. 6 LPA', 'location': 'Coimbatore', 'job description': None, 'skills': ['Android Development']}"
"{'Company Name': 'PayU', 'Job Title': 'Integration Engineer', 'Location': 'Bangalore', 'Skills': ""['Python', 'Java', 'SQL']"", 'Job Type': 'Hybrid', 'Salary': 'Rs. 7 LPA - Rs. 12 LPA', 'Experience': 'Year of experience - Freshers'}","{'job_title': 'Integration Engineer', 'job_link': None, 'company_name': 'PayU', 'experience': '0 years', 'salary': 'Rs. 7 LPA - Rs. 12 LPA', 'location': 'Bangalore', 'job_description': None, 'skills': ['Python', 'Java', 'SQL']}","{'job title': 'Integration Engineer', 'job link': None, 'company name': 'PayU', 'experience': 'Freshers', 'salary': 'Rs. 7 LPA - Rs. 12 LPA', 'location': 'Bangalore', 'job description': None, 'skills': ['Python', 'Java', 'SQL']}"
"{'Company Name': 'Google', 'Job Title': 'Cloud Web Application Engineer', 'Location': 'Gurgaon', 'Skills': ""['Java/Python/JavaScript', 'Google Cloud']"", 'Job Type': 'In-Office', 'Salary': 'Rs. 18 LPA - Rs. 24 LPA', 'Experience': 'Year of experience - https://www.google.com/about/careers/applications/jobs/results/73604838461448902-cloud-web-application-engineer/'}","{'job_title': 'Cloud Web Application Engineer', 'job_link': 'https://www.google.com/about/careers/applications/jobs/results/73604838461448902-cloud-web-application-engineer/', 'company_name': 'Google', 'experience': 'Year of experience', 'salary': 'Rs. 18 LPA - Rs. 24 LPA', 'location': 'Gurgaon', 'job_description': '', 'skills': ['Java/Python/JavaScript', 'Google Cloud']}","{'job title': 'Cloud Web Application Engineer', 'job link': 'https://www.google.com/about/careers/applications/jobs/results/73604838461448902-cloud-web-application-engineer/', 'company name': 'Google', 'experience': 'Year of experience', 'salary': 'Rs. 18 LPA - Rs. 24 LPA', 'location': 'Gurgaon', 'job description': None, 'skills': ""['Java/Python/JavaScript', 'Google Cloud']""}"
"{'Company Name': 'Qualcomm', 'Job Title': 'Engineer-APT', 'Location': 'Hyderabad', 'Skills': ""['C', 'C++', 'Java', 'Python']"", 'Job Type': 'In-Office', 'Salary': 'Rs. 12 LPA - Rs. 18 LPA', 'Experience': 'Year of experience - 0 - 1 Years'}","{'job_title': 'Engineer-APT', 'job_link': None, 'company_name': 'Qualcomm', 'experience': '0 - 1 Years', 'salary': 'Rs. 12 LPA - Rs. 18 LPA', 'location': 'Hyderabad', 'job_description': None, 'skills': ['C', 'C++', 'Java', 'Python']}","{'job title': 'Engineer-APT', 'job link': None, 'company name': 'Qualcomm', 'experience': '0 - 1 Years', 'salary': 'Rs. 12 LPA - Rs. 18 LPA', 'location': 'Hyderabad', 'job description': None, 'skills': ['C', 'C++', 'Java', 'Python']}"
"{'Company Name': 'Volvo', 'Job Title': 'Software Engineer', 'Location': 'Bangalore', 'Skills': ""['.Net', 'SQL', 'C#']"", 'Job Type': 'In-Office', 'Salary': 'Rs. 5 LPA - Rs. 8 LPA', 'Experience': 'Year of experience - 0 - 2 Years'}","{'job_title': 'Software Engineer', 'job_link': None, 'company_name': 'Volvo', 'experience': '0 - 2 Years', 'salary': 'Rs. 5 LPA - Rs. 8 LPA', 'location': 'Bangalore', 'job_description': None, 'skills': [' .Net', ' SQL', ' C#']}","{'job title': 'Software Engineer', 'job link': None, 'company name': 'Volvo', 'experience': '0 - 2 Years', 'salary': 'Rs. 5 LPA - Rs. 8 LPA', 'location': 'Bangalore', 'job description': None, 'skills': ['.Net', 'SQL', 'C#']}"
"{'Company Name': 'Adobe', 'Job Title': 'Computer Scientist', 'Location': 'Bangalore', 'Skills': ""['AWS', 'Google Cloud']"", 'Job Type': 'In-Office', 'Salary': 'Rs. 25 LPA - Rs. 40 LPA', 'Experience': 'Year of experience - 0 - 2 Years'}","{'job_title': 'Computer Scientist', 'job_link': None, 'company_name': 'Adobe', 'experience': '0 - 2 Years', 'salary': 'Rs. 25 LPA - Rs. 40 LPA', 'location': 'Bangalore', 'job_description': None, 'skills': ['AWS', 'Google Cloud']}","{'job title': 'Computer Scientist', 'job link': None, 'company name': 'Adobe', 'experience': '0 - 2 Years', 'salary': 'Rs. 25 LPA - Rs. 40 LPA', 'location': 'Bangalore', 'job description': None, 'skills': ['AWS', 'Google Cloud']}"
"{'Company Name': 'NVIDIA', 'Job Title': 'System Software Engineer', 'Location': 'Pune, Hyderabad, Bangalore', 'Skills': ""['C/C++']"", 'Job Type': 'In-Office', 'Salary': 'Rs. 12 LPA - Rs. 20 LPA', 'Experience': 'Year of experience - 0 - 2 Years'}","{'job_title': 'System Software Engineer', 'job_link': None, 'company_name': 'NVIDIA', 'experience': '0 - 2 Years', 'salary': 'Rs. 12 LPA - Rs. 20 LPA', 'location': 'Pune, Hyderabad, Bangalore', 'job_description': None, 'skills': ['C/C++']}","{'job title': 'System Software Engineer', 'job link': None, 'company name': 'NVIDIA', 'experience': '0 - 2 Years', 'salary': 'Rs. 12 LPA - Rs. 20 LPA', 'location': 'Pune, Hyderabad, Bangalore', 'job description': None, 'skills': ['C/C++']}"
"{'Company Name': 'Tower Research Capital', 'Job Title': 'Software Engineer I', 'Location': 'Gurgaon', 'Skills': ""['Python', 'Java', 'MySQL']"", 'Job Type': 'In-Office', 'Salary': 'Rs. 20 LPA - Rs. 30 LPA', 'Experience': 'Year of experience - 0 - 3 Years'}","{'job_title': 'Software Engineer I', 'job_link': None, 'company_name': 'Tower Research Capital', 'experience': '0 - 3 Years', 'salary': 'Rs. 20 LPA - Rs. 30 LPA', 'location': 'Gurgaon', 'job_description': None, 'skills': ['Python', 'Java', 'MySQL']}","{'job title': 'Software Engineer I', 'job link': None, 'company name': 'Tower Research Capital', 'experience': '0 - 3 Years', 'salary': 'Rs. 20 LPA - Rs. 30 LPA', 'location': 'Gurgaon', 'job description': None, 'skills': ['Python', 'Java', 'MySQL']}"
"{'Company Name': 'American Express GBT', 'Job Title': 'Software Development Engineer I', 'Location': 'Gurgaon', 'Skills': ""['HTML/CSS/JavaScript', 'Java']"", 'Job Type': 'In-Office', 'Salary': 'Rs. 8 LPA - Rs. 14 LPA', 'Experience': 'Year of experience - 0 - 1 Years'}","{'job_title': 'Software Development Engineer I', 'job_link': None, 'company_name': 'American Express GBT', 'experience': '0 - 1 Years', 'salary': 'Rs. 8 LPA - Rs. 14 LPA', 'location': 'Gurgaon', 'job_description': None, 'skills': ['HTML/CSS/JavaScript', 'Java']}","{'job title': 'Software Development Engineer I', 'job link': None, 'company name': 'American Express GBT', 'experience': '0 - 1 Years', 'salary': 'Rs. 8 LPA - Rs. 14 LPA', 'location': 'Gurgaon', 'job description': None, 'skills': ['HTML/CSS/JavaScript', 'Java']}"
"{'Company Name': 'NatWest Group', 'Job Title': 'Software Engineer', 'Location': 'Bangalore', 'Skills': ""['Python/Java/C/C++', 'SQL']"", 'Job Type': 'In-Office', 'Salary': 'Rs. 8 LPA - Rs. 12 LPA', 'Experience': 'Year of experience - 0 - 1 Years'}","{'job_title': 'Software Engineer', 'job_link': None, 'company_name': 'NatWest Group', 'experience': '0 - 1 Years', 'salary': 'Rs. 8 LPA - Rs. 12 LPA', 'location': 'Bangalore', 'job_description': None, 'skills': ['Python/Java/C/C++', 'SQL']}","{'job title': 'Software Engineer', 'job link': None, 'company name': 'NatWest Group', 'experience': '0 - 1 Years', 'salary': 'Rs. 8 LPA - Rs. 12 LPA', 'location': 'Bangalore', 'job description': None, 'skills': ['Python/Java/C/C++', 'SQL']}"
"{'Company Name': 'Amazon', 'Job Title': 'Software Development Engineer 1', 'Location': 'Bangalore', 'Skills': ""['Software Development']"", 'Job Type': 'In-Office', 'Salary': 'Rs. 18 LPA - Rs. 25 LPA', 'Experience': 'Year of experience - 0 - 1 Years'}","{'job_title': 'Software Development Engineer 1', 'job_link': None, 'company_name': 'Amazon', 'experience': '0 - 1 Years', 'salary': 'Rs. 18 LPA - Rs. 25 LPA', 'location': 'Bangalore', 'job_description': None, 'skills': ['Software Development']}","{'job title': 'Software Development Engineer 1', 'job link': None, 'company name': 'Amazon', 'experience': '0 - 1 Years', 'salary': 'Rs. 18 LPA - Rs. 25 LPA', 'location': 'Bangalore', 'job description': None, 'skills': ['Software Development']}"
"{'Company Name': 'Goldman Sachs', 'Job Title': 'Software Engineering - Analyst', 'Location': 'Bengaluru', 'Skills': ""['SQL', 'AWS']"", 'Job Type': 'In-Office', 'Salary': 'Rs. 12 LPA - Rs. 18 LPA', 'Experience': 'Year of experience - 0 - 1 Years'}","{'job_title': 'Software Engineering - Analyst', 'job_link': None, 'company_name': 'Goldman Sachs', 'experience': '0 - 1 Years', 'salary': 'Rs. 12 LPA - Rs. 18 LPA', 'location': 'Bengaluru', 'job_description': None, 'skills': ['SQL', 'AWS']}","{'job title': 'Software Engineering - Analyst', 'job link': None, 'company name': 'Goldman Sachs', 'experience': '0 - 1 Years', 'salary': 'Rs. 12 LPA - Rs. 18 LPA', 'location': 'Bengaluru', 'job description': None, 'skills': ['SQL', 'AWS']}"
"{'Company Name': 'Capegemini', 'Job Title': 'Software Engineer', 'Location': 'Hyderabad', 'Skills': ""['Software Development']"", 'Job Type': 'In-Office', 'Salary': 'Rs. 3.5 LPA - Rs. 6 LPA', 'Experience': 'Year of experience - 0 - 2 Years'}","{'job_title': 'Software Engineer', 'job_link': None, 'company_name': 'Capegemini', 'experience': '0 - 2 Years', 'salary': 'Rs. 3.5 LPA - Rs. 6 LPA', 'location': 'Hyderabad', 'job_description': None, 'skills': ['Software Development']}","{'job title': 'Software Engineer', 'job link': None, 'company name': 'Capegemini', 'experience': '0 - 2 Years', 'salary': 'Rs. 3.5 LPA - Rs. 6 LPA', 'location': 'Hyderabad', 'job description': None, 'skills': ['Software Development']}"
"{'Company Name': 'ServiceNow', 'Job Title': 'Software Engineer', 'Location': 'Hyderabad', 'Skills': ""['Java', 'JavaScript']"", 'Job Type': 'Hybrid', 'Salary': 'Rs. 12 LPA - Rs. 18 LPA', 'Experience': 'Year of experience - 0 - 2 Years'}","{'job_title': 'Software Engineer', 'job_link': None, 'company_name': 'ServiceNow', 'experience': '0 - 2 Years', 'salary': 'Rs. 12 LPA - Rs. 18 LPA', 'location': 'Hyderabad', 'job_description': None, 'skills': ['Java', 'JavaScript']}","{'job title': 'Software Engineer', 'job link': None, 'company name': 'ServiceNow', 'experience': '0 - 2 Years', 'salary': 'Rs. 12 LPA - Rs. 18 LPA', 'location': 'Hyderabad', 'job description': None, 'skills': ['Java', 'JavaScript']}"
"{'Company Name': 'Adobe', 'Job Title': 'Software Development Engineer', 'Location': 'Noida', 'Skills': ""['Java/C/C++']"", 'Job Type': 'In-Office', 'Salary': 'Rs. 12 LPA - Rs. 20 LPA', 'Experience': 'Year of experience - 0 - 2 Years'}","{'job_title': 'Software Development Engineer', 'job_link': None, 'company_name': 'Adobe', 'experience': '0 - 2 Years', 'salary': 'Rs. 12 LPA - Rs. 20 LPA', 'location': 'Noida', 'job_description': None, 'skills': ['Java/C/C++']}","{'job title': 'Software Development Engineer', 'job link': None, 'company name': 'Adobe', 'experience': '0 - 2 Years', 'salary': 'Rs. 12 LPA - Rs. 20 LPA', 'location': 'Noida', 'job description': None, 'skills': ""['Java/C/C++']""}"
"{'Company Name': 'Capegemini', 'Job Title': 'Software Engineer', 'Location': 'Bangalore', 'Skills': ""['Software Development']"", 'Job Type': 'In-Office', 'Salary': 'Rs. 3.5 LPA - Rs. 6 LPA', 'Experience': 'Year of experience - 0 - 2 Years'}","{'job_title': 'Software Engineer', 'job_link': None, 'company_name': 'Capegemini', 'experience': '0 - 2 Years', 'salary': 'Rs. 3.5 LPA - Rs. 6 LPA', 'location': 'Bangalore', 'job_description': None, 'skills': ['Software Development']}","{'job title': 'Software Engineer', 'job link': None, 'company name': 'Capegemini', 'experience': '0 - 2 Years', 'salary': 'Rs. 3.5 LPA - Rs. 6 LPA', 'location': 'Bangalore', 'job description': None, 'skills': ['Software Development']}"
"{'Company Name': 'Qualys', 'Job Title': 'Software Engineer', 'Location': 'Pune', 'Skills': ""['Java', 'SQL', 'Backend Development']"", 'Job Type': 'In-Office', 'Salary': 'Rs. 6 LPA - Rs. 12 LPA', 'Experience': 'Year of experience - 0 - 4 Years'}","{'job_title': 'Software Engineer', 'job_link': None, 'company_name': 'Qualys', 'experience': '0 - 4 Years', 'salary': 'Rs. 6 LPA - Rs. 12 LPA', 'location': 'Pune', 'job_description': None, 'skills': ['Java', 'SQL', 'Backend Development']}","{'job title': 'Software Engineer', 'job link': None, 'company name': 'Qualys', 'experience': '0 - 4 Years', 'salary': 'Rs. 6 LPA - Rs. 12 LPA', 'location': 'Pune', 'job description': None, 'skills': ['Java', 'SQL', 'Backend Development']}"
"{'Company Name': 'American Express', 'Job Title': 'Associate - Digital Product Management', 'Location': 'Gurgaon', 'Skills': ""['Product Management', 'SQL']"", 'Job Type': 'In-Office', 'Salary': 'Rs. 10 LPA - Rs. 15 LPA', 'Experience': 'Year of experience - 0 - 2 Years'}","{'job_title': 'Associate - Digital Product Management', 'job_link': None, 'company_name': 'American Express', 'experience': '0 - 2 Years', 'salary': 'Rs. 10 LPA - Rs. 15 LPA', 'location': 'Gurgaon', 'job_description': None, 'skills': ['Product Management', 'SQL']}","{'job title': 'Associate - Digital Product Management', 'job link': None, 'company name': 'American Express', 'experience': '0 - 2 Years', 'salary': 'Rs. 10 LPA - Rs. 15 LPA', 'location': 'Gurgaon', 'job description': None, 'skills': ['Product Management', 'SQL']}"
"{'Company Name': 'IBM', 'Job Title': 'Software Engineer', 'Location': 'Hyderabad', 'Skills': ""['Java', 'Node.js']"", 'Job Type': 'In-Office', 'Salary': 'Rs. 4.5 LPA - Rs. 6.5 LPA', 'Experience': 'Year of experience - 0 - 1 Years'}","{'job_title': 'Software Engineer', 'job_link': None, 'company_name': 'IBM', 'experience': '0 - 1 Years', 'salary': 'Rs. 4.5 LPA - Rs. 6.5 LPA', 'location': 'Hyderabad', 'job_description': None, 'skills': ['Java', 'Node.js']}","{'job title': 'Software Engineer', 'job link': None, 'company name': 'IBM', 'experience': '0 - 1 Years', 'salary': 'Rs. 4.5 LPA - Rs. 6.5 LPA', 'location': 'Hyderabad', 'job description': None, 'skills': ['Java', 'Node.js']}"
"{'Company Name': 'Cognizant', 'Job Title': 'Programmer Analyst', 'Location': 'Chennai', 'Skills': ""['Python', 'Java', 'C++']"", 'Job Type': 'Hybrid', 'Salary': 'Rs. 3.5 LPA - Rs. 5.5 LPA', 'Experience': 'Year of experience - 0 - 2 Years'}","{'job_title': 'Programmer Analyst', 'job_link': None, 'company_name': 'Cognizant', 'experience': '0 - 2 Years', 'salary': 'Rs. 3.5 LPA - Rs. 5.5 LPA', 'location': 'Chennai', 'job_description': None, 'skills': ['Python', 'Java', 'C++']}","{'job title': 'Programmer Analyst', 'job link': None, 'company name': 'Cognizant', 'experience': '0 - 2 Years', 'salary': 'Rs. 3.5 LPA - Rs. 5.5 LPA', 'location': 'Chennai', 'job description': None, 'skills': ['Python', 'Java', 'C++']}"
"{'Company Name': 'Birlasoft', 'Job Title': 'Technical Specialist-App Development', 'Location': 'Hyderabad', 'Skills': ""['Application Development']"", 'Job Type': 'In-Office', 'Salary': 'Rs. 3.5 LPA - Rs. 5.5 LPA', 'Experience': 'Year of experience - Freshers'}","{'job_title': 'Technical Specialist-App Development', 'job_link': None, 'company_name': 'Birlasoft', 'experience': 'Freshers', 'salary': 'Rs. 3.5 LPA - Rs. 5.5 LPA', 'location': 'Hyderabad', 'job_description': None, 'skills': ['Application Development']}","{'job title': 'Technical Specialist-App Development', 'job link': None, 'company name': 'Birlasoft', 'experience': 'Freshers', 'salary': 'Rs. 3.5 LPA - Rs. 5.5 LPA', 'location': 'Hyderabad', 'job description': None, 'skills': ['Application Development']}"
"{'Company Name': 'Capegemini', 'Job Title': 'Software Engineer', 'Location': 'Hyderabad', 'Skills': ""['Python/Java/C++']"", 'Job Type': 'In-Office', 'Salary': 'Rs. 3.5 LPA - Rs. 6 LPA', 'Experience': 'Year of experience - 0 - 2 Years'}","{'job_title': 'Software Engineer', 'job_link': None, 'company_name': 'Capegemini', 'experience': '0 - 2 Years', 'salary': 'Rs. 3.5 LPA - Rs. 6 LPA', 'location': 'Hyderabad', 'job_description': None, 'skills': ['Python', 'Java', 'C++']}","{'job title': 'Software Engineer', 'job link': None, 'company name': 'Capegemini', 'experience': '0 - 2 Years', 'salary': 'Rs. 3.5 LPA - Rs. 6 LPA', 'location': 'Hyderabad', 'job description': None, 'skills': ['Python', 'Java', 'C++']}"
"{'Company Name': 'BlackRock', 'Job Title': 'Associate, Automation Engineer', 'Location': 'Gurgaon', 'Skills': ""['Microsoft Azure']"", 'Job Type': 'In-Office', 'Salary': 'Rs. 8 LPA - Rs, 12 LPA', 'Experience': 'Year of experience - 0 - 2 Years'}","{'job_title': 'Associate, Automation Engineer', 'job_link': None, 'company_name': 'BlackRock', 'experience': '0 - 2 Years', 'salary': 'Rs. 8 LPA - Rs. 12 LPA', 'location': 'Gurgaon', 'job_description': None, 'skills': ['Microsoft Azure']}","{'job title': 'Associate, Automation Engineer', 'job link': None, 'company name': 'BlackRock', 'experience': '0 - 2 Years', 'salary': 'Rs. 8 LPA - Rs. 12 LPA', 'location': 'Gurgaon', 'job description': None, 'skills': ['Microsoft Azure']}"
"{'Company Name': 'Oracle', 'Job Title': 'Software Engineering Analyst', 'Location': 'Bengaluru', 'Skills': ""['Java', 'SQL']"", 'Job Type': 'In-Office', 'Salary': 'Rs. 6 LPA - Rs. 10 LPA', 'Experience': 'Year of experience - 0 - 1 Years'}","{'job_title': 'Software Engineering Analyst', 'job_link': None, 'company_name': 'Oracle', 'experience': '0 - 1 Years', 'salary': 'Rs. 6 LPA - Rs. 10 LPA', 'location': 'Bengaluru', 'job_description': None, 'skills': ['Java', 'SQL']}","{'job title': 'Software Engineering Analyst', 'job link': None, 'company name': 'Oracle', 'experience': '0 - 1 Years', 'salary': 'Rs. 6 LPA - Rs. 10 LPA', 'location': 'Bengaluru', 'job description': None, 'skills': ['Java', 'SQL']}"
"{'Company Name': 'Volvo', 'Job Title': 'Software Engineer', 'Location': 'Bangalore', 'Skills': ""['.Net', 'SQL', 'C#']"", 'Job Type': 'In-Office', 'Salary': 'Rs. 5 LPA - Rs. 8 LPA', 'Experience': 'Year of experience - 0 - 2 Years'}","{'job_title': 'Software Engineer', 'job_link': None, 'company_name': 'Volvo', 'experience': '0 - 2 Years', 'salary': 'Rs. 5 LPA - Rs. 8 LPA', 'location': 'Bangalore', 'job_description': None, 'skills': [' .Net', ' SQL', ' C#']}","{'job title': 'Software Engineer', 'job link': None, 'company name': 'Volvo', 'experience': '0 - 2 Years', 'salary': 'Rs. 5 LPA - Rs. 8 LPA', 'location': 'Bangalore', 'job description': None, 'skills': ['.Net', 'SQL', 'C#']}"
"{'Company Name': 'Servicenow', 'Job Title': 'Associate Audio Visual Engineer', 'Location': 'Hyderabad', 'Skills': ""['Audio Visual Design']"", 'Job Type': 'In-Office', 'Salary': 'Rs. 6 LPA - Rs. 12 LPA', 'Experience': 'Year of experience - 0 - 2 Years'}","{'job_title': 'Associate Audio Visual Engineer', 'job_link': None, 'company_name': 'Servicenow', 'experience': '0 - 2 Years', 'salary': 'Rs. 6 LPA - Rs. 12 LPA', 'location': 'Hyderabad', 'job_description': None, 'skills': ['Audio Visual Design']}","{'job title': 'Associate Audio Visual Engineer', 'job link': None, 'company name': 'Servicenow', 'experience': '0 - 2 Years', 'salary': 'Rs. 6 LPA - Rs. 12 LPA', 'location': 'Hyderabad', 'job description': None, 'skills': ['Audio Visual Design']}"
"{'Company Name': 'Amazon', 'Job Title': 'Software Development Engineer 1', 'Location': 'Gurugram', 'Skills': ""['Java/C/C++', 'JavaScript']"", 'Job Type': 'In-Office', 'Salary': 'Rs. 15 LPA - Rs. 30 LPA', 'Experience': 'Year of experience - 0 - 1 Years'}","{'job_title': 'Software Development Engineer 1', 'job_link': None, 'company_name': 'Amazon', 'experience': '0 - 1 Years', 'salary': 'Rs. 15 LPA - Rs. 30 LPA', 'location': 'Gurugram', 'job_description': None, 'skills': ['Java/C/C++', 'JavaScript']}","{'job title': 'Software Development Engineer 1', 'job link': None, 'company name': 'Amazon', 'experience': '0 - 1 Years', 'salary': 'Rs. 15 LPA - Rs. 30 LPA', 'location': 'Gurugram', 'job description': None, 'skills': ['Java/C/C++', 'JavaScript']}"
"{'Company Name': 'ServiceNow', 'Job Title': 'Software Engineer', 'Location': 'Hyderabad', 'Skills': ""['Javascript', 'Python', 'SQL']"", 'Job Type': 'Flexible or Remote', 'Salary': 'Rs. 12 LPA - Rs. 20 LPA', 'Experience': 'Year of experience - 0 - 2 Years'}","{'job_title': 'Software Engineer', 'job_link': None, 'company_name': 'ServiceNow', 'experience': '0 - 2 Years', 'salary': 'Rs. 12 LPA - Rs. 20 LPA', 'location': 'Hyderabad', 'job_description': None, 'skills': ['Javascript', 'Python', 'SQL']}","{'job title': 'Software Engineer', 'job link': None, 'company name': 'ServiceNow', 'experience': '0 - 2 Years', 'salary': 'Rs. 12 LPA - Rs. 20 LPA', 'location': 'Hyderabad', 'job description': None, 'skills': ['Javascript', 'Python', 'SQL']}"
"{'Company Name': 'PayPal', 'Job Title': 'Associate Engineer', 'Location': 'Bangalore, Chennai', 'Skills': ""['Java', 'Python', 'SQL']"", 'Job Type': 'In-Office', 'Salary': 'Rs. 12 LPA - Rs. 18 LPA', 'Experience': 'Year of experience - 0 - 2 Years'}","{'job_title': 'Associate Engineer', 'job_link': None, 'company_name': 'PayPal', 'experience': '0 - 2 Years', 'salary': 'Rs. 12 LPA - Rs. 18 LPA', 'location': 'Bangalore, Chennai', 'job_description': None, 'skills': ['Java', 'Python', 'SQL']}","{'job title': 'Associate Engineer', 'job link': None, 'company name': 'PayPal', 'experience': '0 - 2 Years', 'salary': 'Rs. 12 LPA - Rs. 18 LPA', 'location': 'Bangalore, Chennai', 'job description': None, 'skills': ['Java', 'Python', 'SQL']}"
"{'Company Name': 'Qualcomm', 'Job Title': 'Engineer-APT', 'Location': 'Hyderabad', 'Skills': ""['C', 'C++', 'Java', 'Python']"", 'Job Type': 'In-Office', 'Salary': 'Rs. 12 LPA - Rs. 18 LPA', 'Experience': 'Year of experience - 0 - 1 Years'}","{'job_title': 'Engineer-APT', 'job_link': None, 'company_name': 'Qualcomm', 'experience': '0 - 1 Years', 'salary': 'Rs. 12 LPA - Rs. 18 LPA', 'location': 'Hyderabad', 'job_description': None, 'skills': ['C', 'C++', 'Java', 'Python']}","{'job title': 'Engineer-APT', 'job link': None, 'company name': 'Qualcomm', 'experience': '0 - 1 Years', 'salary': 'Rs. 12 LPA - Rs. 18 LPA', 'location': 'Hyderabad', 'job description': None, 'skills': ['C', 'C++', 'Java', 'Python']}"
"{'Company Name': 'GE Digital', 'Job Title': 'Software Engineer (Full Stack)', 'Location': 'Bengaluru', 'Skills': ""['Full Stack Development']"", 'Job Type': 'In-Office', 'Salary': 'Rs. 6.5 LPA - Rs. 10 LPA', 'Experience': 'Year of experience - Fresher'}","{'job_title': 'Software Engineer (Full Stack)', 'job_link': None, 'company_name': 'GE Digital', 'experience': 'Fresher', 'salary': 'Rs. 6.5 LPA - Rs. 10 LPA', 'location': 'Bengaluru', 'job_description': None, 'skills': ['Full Stack Development']}","{'job title': 'Software Engineer (Full Stack)', 'job link': None, 'company name': 'GE Digital', 'experience': 'Fresher', 'salary': 'Rs. 6.5 LPA - Rs. 10 LPA', 'location': 'Bengaluru', 'job description': None, 'skills': ['Full Stack Development']}"
"{'Company Name': 'Google', 'Job Title': 'Cloud Web Application Engineer', 'Location': 'Gurgaon', 'Skills': ""['Java/Python/JavaScript', 'Google Cloud']"", 'Job Type': 'In-Office', 'Salary': 'Rs. 18 LPA - Rs. 24 LPA', 'Experience': 'Year of experience - 0 - 3 Years'}","{'job_title': 'Cloud Web Application Engineer', 'job_link': None, 'company_name': 'Google', 'experience': '0 - 3 Years', 'salary': 'Rs. 18 LPA - Rs. 24 LPA', 'location': 'Gurgaon', 'job_description': None, 'skills': ['Java/Python/JavaScript', 'Google Cloud']}","{'job title': 'Cloud Web Application Engineer', 'job link': None, 'company name': 'Google', 'experience': '0 - 3 Years', 'salary': 'Rs. 18 LPA - Rs. 24 LPA', 'location': 'Gurgaon', 'job description': None, 'skills': ['Java/Python/JavaScript', 'Google Cloud']}"
"{'Company Name': 'GAP Inc.', 'Job Title': 'Software Engineer', 'Location': 'Hyderabad', 'Skills': ""['Python/Java/C/C++']"", 'Job Type': 'In-Office', 'Salary': 'Rs. 6 LPA - Rs. 9 LPA', 'Experience': 'Year of experience - Fresher'}","{'job_title': 'Software Engineer', 'job_link': None, 'company_name': 'GAP Inc.', 'experience': 'Fresher', 'salary': 'Rs. 6 LPA - Rs. 9 LPA', 'location': 'Hyderabad', 'job_description': None, 'skills': ['Python', 'Java', 'C', 'C++']}","{'job title': 'Software Engineer', 'job link': None, 'company name': 'GAP Inc.', 'experience': 'Fresher', 'salary': 'Rs. 6 LPA - Rs. 9 LPA', 'location': 'Hyderabad', 'job description': None, 'skills': ""['Python/Java/C/C++']""}"
"{'Company Name': 'United Airlines', 'Job Title': 'Associate Engineer (.Net + Go Lang)', 'Location': 'Gurugram', 'Skills': ""['Go Lang', '.Net']"", 'Job Type': 'In-Office', 'Salary': 'Rs. 8 LPA - Rs. 12 LPA', 'Experience': 'Year of experience - 0 - 2 Years'}","{'job_title': 'Associate Engineer (.Net + Go Lang)', 'job_link': None, 'company_name': 'United Airlines', 'experience': '0 - 2 Years', 'salary': 'Rs. 8 LPA - Rs. 12 LPA', 'location': 'Gurugram', 'job_description': None, 'skills': ['Go Lang', '.Net']}","{'job title': 'Associate Engineer (.Net + Go Lang)', 'job link': None, 'company name': 'United Airlines', 'experience': '0 - 2 Years', 'salary': 'Rs. 8 LPA - Rs. 12 LPA', 'location': 'Gurugram', 'job description': None, 'skills': ['Go Lang', '.Net']}"
"{'Company Name': 'PayU', 'Job Title': 'Integration Engineer', 'Location': 'Bangalore', 'Skills': ""['Python', 'Java', 'SQL']"", 'Job Type': 'Hybrid', 'Salary': 'Rs. 7 LPA - Rs. 12 LPA', 'Experience': 'Year of experience - Freshers'}","{'job_title': 'Integration Engineer', 'job_link': None, 'company_name': 'PayU', 'experience': '0 years', 'salary': 'Rs. 7 LPA - Rs. 12 LPA', 'location': 'Bangalore', 'job_description': None, 'skills': ['Python', 'Java', 'SQL']}","{'job title': 'Integration Engineer', 'job link': None, 'company name': 'PayU', 'experience': 'Freshers', 'salary': 'Rs. 7 LPA - Rs. 12 LPA', 'location': 'Bangalore', 'job description': None, 'skills': ['Python', 'Java', 'SQL']}"
"{'Company Name': 'Razorpay', 'Job Title': 'Software Development Engineer', 'Location': 'Bangalore', 'Skills': ""['PHP/Python/Django/Golang/Java/C++']"", 'Job Type': 'In-Office', 'Salary': 'Rs. 12 LPA - Rs. 18 LPA', 'Experience': 'Year of experience - 0 - 1Years'}","{'job_title': 'Software Development Engineer', 'job_link': None, 'company_name': 'Razorpay', 'experience': '0 - 1 Years', 'salary': 'Rs. 12 LPA - Rs. 18 LPA', 'location': 'Bangalore', 'job_description': None, 'skills': ['PHP', 'Python', 'Django', 'Golang', 'Java', 'C++']}","{'job title': 'Software Development Engineer', 'job link': None, 'company name': 'Razorpay', 'experience': '0 - 1Years', 'salary': 'Rs. 12 LPA - Rs. 18 LPA', 'location': 'Bangalore', 'job description': None, 'skills': ['PHP', 'Python', 'Django', 'Golang', 'Java', 'C++']}"
"{'Company Name': 'Capegemini', 'Job Title': 'Android Developer', 'Location': 'Coimbatore', 'Skills': ""['Android Development']"", 'Job Type': 'In-Office', 'Salary': 'Rs. 4 LPA - Rs. 6 LPA', 'Experience': 'Year of experience - 0 - 2 Years'}","{'job_title': 'Android Developer', 'job_link': None, 'company_name': 'Capegemini', 'experience': '0 - 2 Years', 'salary': 'Rs. 4 LPA - Rs. 6 LPA', 'location': 'Coimbatore', 'job_description': None, 'skills': ['Android Development']}","{'job title': 'Android Developer', 'job link': None, 'company name': 'Capegemini', 'experience': '0 - 2 Years', 'salary': 'Rs. 4 LPA - Rs. 6 LPA', 'location': 'Coimbatore', 'job description': None, 'skills': ['Android Development']}"
"{'Company Name': 'Birlasoft', 'Job Title': 'Technical Specialist-App Development', 'Location': 'Hyderabad', 'Skills': ""['Application Development']"", 'Job Type': 'In-Office', 'Salary': 'Rs. 3.5 LPA - Rs. 5.5 LPA', 'Experience': 'Year of experience - Freshers'}","{'job_title': 'Technical Specialist-App Development', 'job_link': None, 'company_name': 'Birlasoft', 'experience': 'Freshers', 'salary': 'Rs. 3.5 LPA - Rs. 5.5 LPA', 'location': 'Hyderabad', 'job_description': None, 'skills': ['Application Development']}","{'job title': 'Technical Specialist-App Development', 'job link': None, 'company name': 'Birlasoft', 'experience': 'Freshers', 'salary': 'Rs. 3.5 LPA - Rs. 5.5 LPA', 'location': 'Hyderabad', 'job description': None, 'skills': ['Application Development']}"
"{'Company Name': 'Cognizant', 'Job Title': 'Programmer Analyst', 'Location': 'Chennai', 'Skills': ""['Python', 'Java', 'C++']"", 'Job Type': 'Hybrid', 'Salary': 'Rs. 3.5 LPA - Rs. 5.5 LPA', 'Experience': 'Year of experience - 0 - 2 Years'}","{'job_title': 'Programmer Analyst', 'job_link': None, 'company_name': 'Cognizant', 'experience': '0 - 2 Years', 'salary': 'Rs. 3.5 LPA - Rs. 5.5 LPA', 'location': 'Chennai', 'job_description': None, 'skills': ['Python', 'Java', 'C++']}","{'job title': 'Programmer Analyst', 'job link': None, 'company name': 'Cognizant', 'experience': '0 - 2 Years', 'salary': 'Rs. 3.5 LPA - Rs. 5.5 LPA', 'location': 'Chennai', 'job description': None, 'skills': ['Python', 'Java', 'C++']}"
"{'Company Name': 'Razorpay', 'Job Title': 'Junior Associate - Customer Success Partner', 'Location': 'Bangalore', 'Skills': ""['Project Management']"", 'Job Type': 'In-Office', 'Salary': 'Rs. 4.5 LPA - Rs. 7 LPA', 'Experience': 'Year of experience - Fresher'}","{'job_title': 'Junior Associate - Customer Success Partner', 'job_link': None, 'company_name': 'Razorpay', 'experience': 'Fresher', 'salary': 'Rs. 4.5 LPA - Rs. 7 LPA', 'location': 'Bangalore', 'job_description': None, 'skills': ['Project Management']}","{'job title': 'Junior Associate - Customer Success Partner', 'job link': None, 'company name': 'Razorpay', 'experience': 'Fresher', 'salary': 'Rs. 4.5 LPA - Rs. 7 LPA', 'location': 'Bangalore', 'job description': None, 'skills': ['Project Management']}"
"{'Company Name': 'NTT Data', 'Job Title': 'Associate Engineer: Software Development', 'Location': 'Bangalore', 'Skills': ""['C/C++', 'Java', 'JavaScript', 'Python']"", 'Job Type': 'In-Office', 'Salary': 'Rs. 4 LPA - Rs. 6 LPA', 'Experience': 'Year of experience - Fresher'}","{'job_title': 'Associate Engineer: Software Development', 'job_link': None, 'company_name': 'NTT Data', 'experience': 'Fresher', 'salary': 'Rs. 4 LPA - Rs. 6 LPA', 'location': 'Bangalore', 'job_description': None, 'skills': ['C/C++', 'Java', 'JavaScript', 'Python']}","{'job title': 'Associate Engineer: Software Development', 'job link': None, 'company name': 'NTT Data', 'experience': 'Fresher', 'salary': 'Rs. 4 LPA - Rs. 6 LPA', 'location': 'Bangalore', 'job description': None, 'skills': ['C/C++', 'Java', 'JavaScript', 'Python']}"
"{'Company Name': 'Capegemini', 'Job Title': 'Software Engineer', 'Location': 'Hyderabad', 'Skills': ""['Python/Java/C/C++', 'Software Engineering']"", 'Job Type': 'In-Office', 'Salary': 'Rs. 3.5 LPA - Rs. 5 LPA', 'Experience': 'Year of experience - Fresher'}","{'job_title': 'Software Engineer', 'job_link': None, 'company_name': 'Capegemini', 'experience': 'Fresher', 'salary': 'Rs. 3.5 LPA - Rs. 5 LPA', 'location': 'Hyderabad', 'job_description': None, 'skills': ['Python/Java/C/C++', 'Software Engineering']}","{'job title': 'Software Engineer', 'job link': None, 'company name': 'Capegemini', 'experience': 'Fresher', 'salary': 'Rs. 3.5 LPA - Rs. 5 LPA', 'location': 'Hyderabad', 'job description': None, 'skills': ['Python/Java/C/C++', 'Software Engineering']}"
"{'Company Name': 'Conduent', 'Job Title': 'Technical Business Analysis Engineer I', 'Location': 'Noida', 'Skills': ""['Software Engineering']"", 'Job Type': 'In-Office', 'Salary': 'Rs. 4.5 LPA - Rs. 6.5 LPA', 'Experience': 'Year of experience - Fresher'}","{'job_title': 'Technical Business Analysis Engineer I', 'job_link': None, 'company_name': 'Conduent', 'experience': 'Fresher', 'salary': 'Rs. 4.5 LPA - Rs. 6.5 LPA', 'location': 'Noida', 'job_description': None, 'skills': ['Software Engineering']}","{'job title': 'Technical Business Analysis Engineer I', 'job link': None, 'company name': 'Conduent', 'experience': 'Fresher', 'salary': 'Rs. 4.5 LPA - Rs. 6.5 LPA', 'location': 'Noida', 'job description': None, 'skills': ['Software Engineering']}"
"{'Company Name': 'EY', 'Job Title': 'Junior DevOps Engineer', 'Location': 'Noida', 'Skills': ""['DevOps Engineering']"", 'Job Type': 'In-Office', 'Salary': 'Rs. 5 LPA - Rs. 7 LPA', 'Experience': 'Year of experience - Fresher'}","{'job_title': 'Junior DevOps Engineer', 'job_link': None, 'company_name': 'EY', 'experience': 'Fresher', 'salary': 'Rs. 5 LPA - Rs. 7 LPA', 'location': 'Noida', 'job_description': None, 'skills': ['DevOps Engineering']}","{'job title': 'Junior DevOps Engineer', 'job link': None, 'company name': 'EY', 'experience': 'Fresher', 'salary': 'Rs. 5 LPA - Rs. 7 LPA', 'location': 'Noida', 'job description': None, 'skills': ['DevOps Engineering']}"
"{'Company Name': 'GAP Inc.', 'Job Title': 'Software Engineer', 'Location': 'Hyderabad', 'Skills': ""['Python/Java/C/C++']"", 'Job Type': 'In-Office', 'Salary': 'Rs. 6 LPA - Rs. 9 LPA', 'Experience': 'Year of experience - Fresher'}","{'job_title': 'Software Engineer', 'job_link': None, 'company_name': 'GAP Inc.', 'experience': 'Fresher', 'salary': 'Rs. 6 LPA - Rs. 9 LPA', 'location': 'Hyderabad', 'job_description': None, 'skills': ['Python', 'Java', 'C', 'C++']}","{'job title': 'Software Engineer', 'job link': None, 'company name': 'GAP Inc.', 'experience': 'Fresher', 'salary': 'Rs. 6 LPA - Rs. 9 LPA', 'location': 'Hyderabad', 'job description': None, 'skills': ""['Python/Java/C/C++']""}"
"{'Company Name': 'BlackRock', 'Job Title': 'Associate - Automation Engineer', 'Location': 'Gurgaon', 'Skills': ""['Python', 'SQL']"", 'Job Type': 'In-Office', 'Salary': 'Rs. 8 LPA - Rs. 12 LPA', 'Experience': 'Year of experience - 0 - 2 Years'}","{'job_title': 'Associate - Automation Engineer', 'job_link': None, 'company_name': 'BlackRock', 'experience': '0 - 2 Years', 'salary': 'Rs. 8 LPA - Rs. 12 LPA', 'location': 'Gurgaon', 'job_description': None, 'skills': ['Python', 'SQL']}","{'job title': 'Associate - Automation Engineer', 'job link': None, 'company name': 'BlackRock', 'experience': '0 - 2 Years', 'salary': 'Rs. 8 LPA - Rs. 12 LPA', 'location': 'Gurgaon', 'job description': None, 'skills': ['Python', 'SQL']}"
"{'Company Name': 'IBM', 'Job Title': 'Software Engineer', 'Location': 'Hyderabad', 'Skills': ""['Java', 'Node.js']"", 'Job Type': 'In-Office', 'Salary': 'Rs. 4.5 LPA - Rs. 6.5 LPA', 'Experience': 'Year of experience - 0 - 1 Years'}","{'job_title': 'Software Engineer', 'job_link': None, 'company_name': 'IBM', 'experience': '0 - 1 Years', 'salary': 'Rs. 4.5 LPA - Rs. 6.5 LPA', 'location': 'Hyderabad', 'job_description': None, 'skills': ['Java', 'Node.js']}","{'job title': 'Software Engineer', 'job link': None, 'company name': 'IBM', 'experience': '0 - 1 Years', 'salary': 'Rs. 4.5 LPA - Rs. 6.5 LPA', 'location': 'Hyderabad', 'job description': None, 'skills': ['Java', 'Node.js']}"
"{'Company Name': 'EY', 'Job Title': 'UI Engineer', 'Location': 'Noida', 'Skills': ""['UI UX Design']"", 'Job Type': 'In-Office', 'Salary': 'Rs. 6 LPA - Rs. 8 LPA', 'Experience': 'Year of experience - Fresher'}","{'job_title': 'UI Engineer', 'job_link': None, 'company_name': 'EY', 'experience': 'Fresher', 'salary': 'Rs. 6 LPA - Rs. 8 LPA', 'location': 'Noida', 'job_description': None, 'skills': ['UI UX Design']}","{'job title': 'UI Engineer', 'job link': None, 'company name': 'EY', 'experience': 'Fresher', 'salary': 'Rs. 6 LPA - Rs. 8 LPA', 'location': 'Noida', 'job description': None, 'skills': ['UI UX Design']}"
"{'Company Name': 'Optum', 'Job Title': 'Software Engineer', 'Location': 'Hyderabad', 'Skills': ""['Javascript', 'Python']"", 'Job Type': 'In-Office', 'Salary': 'Rs. 5 LPA - Rs. 8 LPA', 'Experience': 'Year of experience - Freshers'}","{'job_title': 'Software Engineer', 'job_link': None, 'company_name': 'Optum', 'experience': 'Freshers', 'salary': 'Rs. 5 LPA - Rs. 8 LPA', 'location': 'Hyderabad', 'job_description': None, 'skills': ['Javascript', 'Python']}","{'job title': 'Software Engineer', 'job link': None, 'company name': 'Optum', 'experience': 'Year of experience - Freshers', 'salary': 'Rs. 5 LPA - Rs. 8 LPA', 'location': 'Hyderabad', 'job description': None, 'skills': ['Javascript', 'Python']}"
"{'Company Name': 'EY', 'Job Title': 'Software Engineer', 'Location': 'Hyderabad', 'Skills': ""['Python/Java/C/C++']"", 'Job Type': 'In-Office', 'Salary': 'Rs. 4.5 LPA - Rs. 7 LPA', 'Experience': 'Year of experience - Fresher'}","{'job_title': 'Software Engineer', 'job_link': None, 'company_name': 'EY', 'experience': 'Fresher', 'salary': 'Rs. 4.5 LPA - Rs. 7 LPA', 'location': 'Hyderabad', 'job_description': None, 'skills': ['Python', 'Java', 'C', 'C++']}","{'job title': 'Software Engineer', 'job link': None, 'company name': 'EY', 'experience': 'Fresher', 'salary': 'Rs. 4.5 LPA - Rs. 7 LPA', 'location': 'Hyderabad', 'job description': None, 'skills': ""['Python/Java/C/C++']""}"
"{'Company Name': 'NetApp', 'Job Title': 'Software Engineer', 'Location': 'Bengaluru', 'Skills': ""['C/C++']"", 'Job Type': 'In-Office', 'Salary': 'Rs. 10 LPA - Rs. 14 LPA', 'Experience': 'Year of experience - 0 - 2 Years'}","{'job_title': 'Software Engineer', 'job_link': None, 'company_name': 'NetApp', 'experience': '0 - 2 Years', 'salary': 'Rs. 10 LPA - Rs. 14 LPA', 'location': 'Bengaluru', 'job_description': None, 'skills': ['C/C++']}","{'job title': 'Software Engineer', 'job link': None, 'company name': 'NetApp', 'experience': '0 - 2 Years', 'salary': 'Rs. 10 LPA - Rs. 14 LPA', 'location': 'Bengaluru', 'job description': None, 'skills': ['C/C++']}"
"{'Company Name': 'Dyson', 'Job Title': 'Junior Frontend QA Engineer', 'Location': 'Bangalore', 'Skills': ""['Python', 'Javascript']"", 'Job Type': 'In-Office', 'Salary': 'Rs. 6 LPA - Rs. 10 LPA', 'Experience': 'Year of experience - Fresher'}","{'job_title': 'Junior Frontend QA Engineer', 'job_link': None, 'company_name': 'Dyson', 'experience': 'Fresher', 'salary': 'Rs. 6 LPA - Rs. 10 LPA', 'location': 'Bangalore', 'job_description': None, 'skills': ['Python', 'Javascript']}","{'job title': 'Junior Frontend QA Engineer', 'job link': None, 'company name': 'Dyson', 'experience': 'Fresher', 'salary': 'Rs. 6 LPA - Rs. 10 LPA', 'location': 'Bangalore', 'job description': None, 'skills': ['Python', 'Javascript']}"
"{'Company Name': 'MasterCard', 'Job Title': 'BizOps Engineer', 'Location': 'Pune', 'Skills': ""['DevOps Engineering']"", 'Job Type': 'In-Office', 'Salary': 'Rs. 8 LPA - Rs. 12 LPA', 'Experience': 'Year of experience - Fresher'}","{'job_title': 'BizOps Engineer', 'job_link': None, 'company_name': 'MasterCard', 'experience': 'Fresher', 'salary': 'Rs. 8 LPA - Rs. 12 LPA', 'location': 'Pune', 'job_description': None, 'skills': ['DevOps Engineering']}","{'job title': 'BizOps Engineer', 'job link': None, 'company name': 'MasterCard', 'experience': 'Fresher', 'salary': 'Rs. 8 LPA - Rs. 12 LPA', 'location': 'Pune', 'job description': None, 'skills': ['DevOps Engineering']}"
"{'Company Name': 'Amazon', 'Job Title': 'IT Application Engineer', 'Location': 'Hyderabad', 'Skills': ""['SQL']"", 'Job Type': 'In-Office', 'Salary': 'Rs. 12 LPA - Rs. 18 LPA', 'Experience': 'Year of experience - Fresher'}","{'job_title': 'IT Application Engineer', 'job_link': None, 'company_name': 'Amazon', 'experience': 'Fresher', 'salary': 'Rs. 12 LPA - Rs. 18 LPA', 'location': 'Hyderabad', 'job_description': None, 'skills': ['SQL']}","{'job title': 'IT Application Engineer', 'job link': None, 'company name': 'Amazon', 'experience': 'Fresher', 'salary': 'Rs. 12 LPA - Rs. 18 LPA', 'location': 'Hyderabad', 'job description': None, 'skills': ['SQL']}"
"{'Company Name': 'Google', 'Job Title': 'Cloud Web Application Engineer', 'Location': 'Gurgaon', 'Skills': ""['Java/Python/JavaScript', 'Google Cloud']"", 'Job Type': 'In-Office', 'Salary': 'Rs. 18 LPA - Rs. 24 LPA', 'Experience': 'Year of experience - 0 - 3 Years'}","{'job_title': 'Cloud Web Application Engineer', 'job_link': None, 'company_name': 'Google', 'experience': '0 - 3 Years', 'salary': 'Rs. 18 LPA - Rs. 24 LPA', 'location': 'Gurgaon', 'job_description': None, 'skills': ['Java/Python/JavaScript', 'Google Cloud']}","{'job title': 'Cloud Web Application Engineer', 'job link': None, 'company name': 'Google', 'experience': '0 - 3 Years', 'salary': 'Rs. 18 LPA - Rs. 24 LPA', 'location': 'Gurgaon', 'job description': None, 'skills': ['Java/Python/JavaScript', 'Google Cloud']}"
"{'Company Name': 'Qualcomm', 'Job Title': 'Associate Engineer', 'Location': 'Hyderabad', 'Skills': ""['C', 'C++', 'Java', 'Python', 'SQL']"", 'Job Type': 'In-Office', 'Salary': 'Rs. 11 LPA - Rs. 15 LPA', 'Experience': 'Year of experience - 0 - 1 Years'}","{'job_title': 'Associate Engineer', 'job_link': None, 'company_name': 'Qualcomm', 'experience': '0 - 1 Years', 'salary': 'Rs. 11 LPA - Rs. 15 LPA', 'location': 'Hyderabad', 'job_description': None, 'skills': ['C', 'C++', 'Java', 'Python', 'SQL']}","{'job title': 'Associate Engineer', 'job link': None, 'company name': 'Qualcomm', 'experience': '0 - 1 Years', 'salary': 'Rs. 11 LPA - Rs. 15 LPA', 'location': 'Hyderabad', 'job description': None, 'skills': ['C', 'C++', 'Java', 'Python', 'SQL']}"
"{'Company Name': 'PayPal', 'Job Title': 'Associate Engineer- Backend (Java)', 'Location': 'Bangalore', 'Skills': ""['Java/Python', 'SQL']"", 'Job Type': 'In-Office', 'Salary': 'Rs. 13 LPA - Rs. 18 LPA', 'Experience': 'Year of experience - 0 - 2 Years'}","{'job_title': 'Associate Engineer- Backend (Java)', 'job_link': None, 'company_name': 'PayPal', 'experience': '0 - 2 Years', 'salary': 'Rs. 13 LPA - Rs. 18 LPA', 'location': 'Bangalore', 'job_description': None, 'skills': ['Java/Python', 'SQL']}","{'job title': 'Associate Engineer- Backend (Java)', 'job link': None, 'company name': 'PayPal', 'experience': '0 - 2 Years', 'salary': 'Rs. 13 LPA - Rs. 18 LPA', 'location': 'Bangalore', 'job description': None, 'skills': ['Java/Python', 'SQL']}"
"{'Company Name': 'Amazon', 'Job Title': 'Systems Development Engineer', 'Location': 'Hyderabad', 'Skills': ""['Python/Java/C++']"", 'Job Type': 'In-Office', 'Salary': 'Rs. 15 LPA - Rs. 25 LPA', 'Experience': 'Year of experience - Freshers'}","{'job_title': 'Systems Development Engineer', 'job_link': None, 'company_name': 'Amazon', 'experience': 'Freshers', 'salary': 'Rs. 15 LPA - Rs. 25 LPA', 'location': 'Hyderabad', 'job_description': None, 'skills': ['Python', 'Java', 'C++']}","{'job title': 'Systems Development Engineer', 'job link': None, 'company name': 'Amazon', 'experience': 'Year of experience - Freshers', 'salary': 'Rs. 15 LPA - Rs. 25 LPA', 'location': 'Hyderabad', 'job description': None, 'skills': ['Python/Java/C++']}"
"{'Company Name': 'American Express', 'Job Title': 'Associate -Digital Product Management', 'Location': 'Gurgaon', 'Skills': ""['Product Management', 'SQL']"", 'Job Type': 'In-Office', 'Salary': 'Rs. 10 LPA - Rs. 15 LPA', 'Experience': 'Year of experience - 0 - 2 Years'}","{'job_title': 'Associate -Digital Product Management', 'job_link': None, 'company_name': 'American Express', 'experience': '0 - 2 Years', 'salary': 'Rs. 10 LPA - Rs. 15 LPA', 'location': 'Gurgaon', 'job_description': None, 'skills': ['Product Management', 'SQL']}","{'job title': 'Associate -Digital Product Management', 'job link': None, 'company name': 'American Express', 'experience': '0 - 2 Years', 'salary': 'Rs. 10 LPA - Rs. 15 LPA', 'location': 'Gurgaon', 'job description': None, 'skills': ['Product Management', 'SQL']}"
"{'Company Name': 'GE Digital', 'Job Title': 'Software Engineer', 'Location': 'Hyderabad', 'Skills': ""['Java/C++/Python', 'SQL']"", 'Job Type': 'In-Office', 'Salary': 'Rs. 8 LPA - Rs. 15 LPA', 'Experience': 'Year of experience - 0 - 3 Years'}","{'job_title': 'Software Engineer', 'job_link': None, 'company_name': 'GE Digital', 'experience': '0 - 3 Years', 'salary': 'Rs. 8 LPA - Rs. 15 LPA', 'location': 'Hyderabad', 'job_description': None, 'skills': ['Java/C++/Python', 'SQL']}","{'job title': 'Software Engineer', 'job link': None, 'company name': 'GE Digital', 'experience': '0 - 3 Years', 'salary': 'Rs. 8 LPA - Rs. 15 LPA', 'location': 'Hyderabad', 'job description': None, 'skills': ['Java/C++/Python', 'SQL']}"
"{'Company Name': 'Google', 'Job Title': 'Customer and Partner Solutions Engineer', 'Location': 'Hyderabad', 'Skills': ""['Java/C++/Python', 'SQL']"", 'Job Type': 'In-Office', 'Salary': 'Rs. 18 LPA - Rs. 28 LPA', 'Experience': 'Year of experience - Fresher'}","{'job_title': 'Customer and Partner Solutions Engineer', 'job_link': None, 'company_name': 'Google', 'experience': 'Fresher', 'salary': 'Rs. 18 LPA - Rs. 28 LPA', 'location': 'Hyderabad', 'job_description': None, 'skills': ['Java/C++/Python', 'SQL']}","{'job title': 'Customer and Partner Solutions Engineer', 'job link': None, 'company name': 'Google', 'experience': 'Fresher', 'salary': 'Rs. 18 LPA - Rs. 28 LPA', 'location': 'Hyderabad', 'job description': None, 'skills': ['Java/C++/Python', 'SQL']}"
"{'Company Name': 'Google', 'Job Title': 'Technical Solutions Consultant', 'Location': 'Hyderabad', 'Skills': ""['Python', 'SQL']"", 'Job Type': 'In-Office', 'Salary': 'Rs. 20 LPA - Rs. 30 LPA', 'Experience': 'Year of experience - Fresher'}","{'job_title': 'Technical Solutions Consultant', 'job_link': None, 'company_name': 'Google', 'experience': 'Fresher', 'salary': 'Rs. 20 LPA - Rs. 30 LPA', 'location': 'Hyderabad', 'job_description': None, 'skills': ['Python', 'SQL']}","{'job title': 'Technical Solutions Consultant', 'job link': None, 'company name': 'Google', 'experience': 'Fresher', 'salary': 'Rs. 20 LPA - Rs. 30 LPA', 'location': 'Hyderabad', 'job description': None, 'skills': ['Python', 'SQL']}"
"{'Company Name': 'GE Digital', 'Job Title': 'Software Engineer (Full Stack)', 'Location': 'Bengaluru', 'Skills': ""['Full Stack Development']"", 'Job Type': 'In-Office', 'Salary': 'Rs. 6.5 LPA - Rs. 10 LPA', 'Experience': 'Year of experience - Fresher'}","{'job_title': 'Software Engineer (Full Stack)', 'job_link': None, 'company_name': 'GE Digital', 'experience': 'Fresher', 'salary': 'Rs. 6.5 LPA - Rs. 10 LPA', 'location': 'Bengaluru', 'job_description': None, 'skills': ['Full Stack Development']}","{'job title': 'Software Engineer (Full Stack)', 'job link': None, 'company name': 'GE Digital', 'experience': 'Fresher', 'salary': 'Rs. 6.5 LPA - Rs. 10 LPA', 'location': 'Bengaluru', 'job description': None, 'skills': ['Full Stack Development']}"
"{'Company Name': 'Barclays', 'Job Title': 'Software Engineer', 'Location': 'Pune', 'Skills': ""['Python', 'AWS']"", 'Job Type': 'In-Office', 'Salary': 'Rs. 8 LPA - Rs. 12 LPA', 'Experience': 'Year of experience - Fresher'}","{'job_title': 'Software Engineer', 'job_link': None, 'company_name': 'Barclays', 'experience': 'Fresher', 'salary': 'Rs. 8 LPA - Rs. 12 LPA', 'location': 'Pune', 'job_description': None, 'skills': ['Python', 'AWS']}","{'job title': 'Software Engineer', 'job link': None, 'company name': 'Barclays', 'experience': 'Fresher', 'salary': 'Rs. 8 LPA - Rs. 12 LPA', 'location': 'Pune', 'job description': None, 'skills': ['Python', 'AWS']}"
"{'Company Name': 'Adidas', 'Job Title': 'Junior Software Developer', 'Location': 'Gurgaon', 'Skills': ""['Software Development', 'AWS']"", 'Job Type': 'In-Office', 'Salary': 'Rs. 5 LPA - Rs. 7 LPA', 'Experience': 'Year of experience - Fresher'}","{'job_title': 'Junior Software Developer', 'job_link': None, 'company_name': 'Adidas', 'experience': 'Fresher', 'salary': 'Rs. 5 LPA - Rs. 7 LPA', 'location': 'Gurgaon', 'job_description': None, 'skills': ['Software Development', 'AWS']}","{'job title': 'Junior Software Developer', 'job link': None, 'company name': 'Adidas', 'experience': 'Fresher', 'salary': 'Rs. 5 LPA - Rs. 7 LPA', 'location': 'Gurgaon', 'job description': None, 'skills': ['Software Development', 'AWS']}"
"{'Company Name': 'PayU', 'Job Title': 'Associate Software Engineer', 'Location': 'Gurgaon', 'Skills': ""['Python', 'HTML', 'CSS', 'JavaScript', 'SQL']"", 'Job Type': 'Hybrid', 'Salary': 'Rs. 6 LPA - 8 LPA', 'Experience': 'Year of experience - 0 - 2 Years'}","{'job_title': 'Associate Software Engineer', 'job_link': None, 'company_name': 'PayU', 'experience': '0 - 2 Years', 'salary': 'Rs. 6 LPA - 8 LPA', 'location': 'Gurgaon', 'job_description': None, 'skills': ['Python', 'HTML', 'CSS', 'JavaScript', 'SQL']}","{'job title': 'Associate Software Engineer', 'job link': None, 'company name': 'PayU', 'experience': '0 - 2 Years', 'salary': 'Rs. 6 LPA - 8 LPA', 'location': 'Gurgaon', 'job description': None, 'skills': ['Python', 'HTML', 'CSS', 'JavaScript', 'SQL']}"
"{'Company Name': 'GE Vernova', 'Job Title': 'Software Engineer', 'Location': 'Hyderabad', 'Skills': ""['Javascript', 'HTML', 'CSS', 'SQL']"", 'Job Type': 'In-Office', 'Salary': 'Rs. 6 LPA - Rs. 9 LPA', 'Experience': 'Year of experience - Fresher'}","{'job_title': 'Software Engineer', 'job_link': None, 'company_name': 'GE Vernova', 'experience': 'Fresher', 'salary': 'Rs. 6 LPA - Rs. 9 LPA', 'location': 'Hyderabad', 'job_description': None, 'skills': ['Javascript', 'HTML', 'CSS', 'SQL']}","{'job title': 'Software Engineer', 'job link': None, 'company name': 'GE Vernova', 'experience': 'Fresher', 'salary': 'Rs. 6 LPA - Rs. 9 LPA', 'location': 'Hyderabad', 'job description': None, 'skills': ['Javascript', 'HTML', 'CSS', 'SQL']}"
"{'Company Name': 'Sprinklr', 'Job Title': 'Technical Supoort Engineer', 'Location': 'Gurgaon, Bangalore', 'Skills': ""['JavaScript/Python/Java', 'SQL']"", 'Job Type': 'In-Office', 'Salary': 'Rs. 6 LPA - Rs. 9 LPA', 'Experience': 'Year of experience - 0 - 3 Years'}","{'job_title': 'Technical Supoort Engineer', 'job_link': None, 'company_name': 'Sprinklr', 'experience': '0 - 3 Years', 'salary': 'Rs. 6 LPA - Rs. 9 LPA', 'location': 'Gurgaon, Bangalore', 'job_description': None, 'skills': ['JavaScript/Python/Java', 'SQL']}","{'job title': 'Technical Supoort Engineer', 'job link': None, 'company name': 'Sprinklr', 'experience': '0 - 3 Years', 'salary': 'Rs. 6 LPA - Rs. 9 LPA', 'location': 'Gurgaon, Bangalore', 'job description': None, 'skills': ['JavaScript/Python/Java', 'SQL']}"
"{'Company Name': 'American Express', 'Job Title': 'Engineer', 'Location': 'Gurgaon', 'Skills': ""['Python', 'HTML', 'CSS']"", 'Job Type': 'In-Office', 'Salary': 'Rs. 6 LPA - Rs. 10 LPA', 'Experience': 'Year of experience - Fresher'}","{'job_title': 'Engineer', 'job_link': None, 'company_name': 'American Express', 'experience': 'Fresher', 'salary': 'Rs. 6 LPA - Rs. 10 LPA', 'location': 'Gurgaon', 'job_description': None, 'skills': ['Python', 'HTML', 'CSS']}","{'job title': 'Engineer', 'job link': None, 'company name': 'American Express', 'experience': 'Fresher', 'salary': 'Rs. 6 LPA - Rs. 10 LPA', 'location': 'Gurgaon', 'job description': None, 'skills': ['Python', 'HTML', 'CSS']}"
"{'Company Name': 'Oracle', 'Job Title': 'Software Engineer', 'Location': 'Hyderabad', 'Skills': ""['Javascript', 'HTML', 'CSS']"", 'Job Type': 'In-Office', 'Salary': 'Rs. 7 LPA - Rs. 12 LPA', 'Experience': 'Year of experience - 0 - 2 Years'}","{'job_title': 'Software Engineer', 'job_link': None, 'company_name': 'Oracle', 'experience': '0 - 2 Years', 'salary': 'Rs. 7 LPA - Rs. 12 LPA', 'location': 'Hyderabad', 'job_description': None, 'skills': ['Javascript', 'HTML', 'CSS']}","{'job title': 'Software Engineer', 'job link': None, 'company name': 'Oracle', 'experience': '0 - 2 Years', 'salary': 'Rs. 7 LPA - Rs. 12 LPA', 'location': 'Hyderabad', 'job description': None, 'skills': ['Javascript', 'HTML', 'CSS']}"
"{'Company Name': 'Qualcomm', 'Job Title': 'Associate Engineer', 'Location': 'Hyderabad', 'Skills': ""['C', 'C++', 'Java', 'Python']"", 'Job Type': 'In-Office', 'Salary': 'Rs. 8 LPA - Rs. 12 LPA', 'Experience': 'Year of experience - 0 - 2 Years'}","{'job_title': 'Associate Engineer', 'job_link': None, 'company_name': 'Qualcomm', 'experience': '0 - 2 Years', 'salary': 'Rs. 8 LPA - Rs. 12 LPA', 'location': 'Hyderabad', 'job_description': None, 'skills': ['C', 'C++', 'Java', 'Python']}","{'job title': 'Associate Engineer', 'job link': None, 'company name': 'Qualcomm', 'experience': '0 - 2 Years', 'salary': 'Rs. 8 LPA - Rs. 12 LPA', 'location': 'Hyderabad', 'job description': None, 'skills': ['C', 'C++', 'Java', 'Python']}"
"{'Company Name': 'Wells Fargo', 'Job Title': 'Software Engineer', 'Location': 'Bengaluru', 'Skills': ""['Python', 'SQL']"", 'Job Type': 'In-Office', 'Salary': 'Rs. 8 LPA - Rs. 14 LPA', 'Experience': 'Year of experience - Fresher'}","{'job_title': 'Software Engineer', 'job_link': None, 'company_name': 'Wells Fargo', 'experience': 'Fresher', 'salary': 'Rs. 8 LPA - Rs. 14 LPA', 'location': 'Bengaluru', 'job_description': None, 'skills': ['Python', 'SQL']}","{'job title': 'Software Engineer', 'job link': None, 'company name': 'Wells Fargo', 'experience': 'Fresher', 'salary': 'Rs. 8 LPA - Rs. 14 LPA', 'location': 'Bengaluru', 'job description': None, 'skills': ['Python', 'SQL']}"
"{'Company Name': 'Amazon', 'Job Title': 'Systems Development Engineer', 'Location': 'Hyderabad', 'Skills': ""['Python/Java/C++']"", 'Job Type': 'In-Office', 'Salary': 'Rs. 15 LPA - Rs. 25 LPA', 'Experience': 'Year of experience - Fresher'}","{'job_title': 'Systems Development Engineer', 'job_link': None, 'company_name': 'Amazon', 'experience': 'Fresher', 'salary': 'Rs. 15 LPA - Rs. 25 LPA', 'location': 'Hyderabad', 'job_description': None, 'skills': ['Python', 'Java', 'C++']}","{'job title': 'Systems Development Engineer', 'job link': None, 'company name': 'Amazon', 'experience': 'Fresher', 'salary': 'Rs. 15 LPA - Rs. 25 LPA', 'location': 'Hyderabad', 'job description': None, 'skills': ""['Python/Java/C++']""}"
"{'Company Name': 'Capegemini', 'Job Title': 'Software Engineer', 'Location': 'Bengaluru', 'Skills': ""['Software Engineering']"", 'Job Type': 'In-Office', 'Salary': 'Rs. 4 LPA - Rs. 6 LPA', 'Experience': 'Year of experience - Fresher'}","{'job_title': 'Software Engineer', 'job_link': None, 'company_name': 'Capegemini', 'experience': 'Fresher', 'salary': 'Rs. 4 LPA - Rs. 6 LPA', 'location': 'Bengaluru', 'job_description': None, 'skills': ['Software Engineering']}","{'job title': 'Software Engineer', 'job link': None, 'company name': 'Capegemini', 'experience': 'Fresher', 'salary': 'Rs. 4 LPA - Rs. 6 LPA', 'location': 'Bengaluru', 'job description': None, 'skills': 'Software Engineering'}"
"{'Company Name': 'Qualcomm', 'Job Title': 'Engineer-APT', 'Location': 'Hyderabad', 'Skills': ""['C', 'C++', 'Java', 'Python']"", 'Job Type': 'In-Office', 'Salary': 'Rs. 12 LPA - Rs. 18 LPA', 'Experience': 'Year of experience - 0 - 1 Years'}","{'job_title': 'Engineer-APT', 'job_link': None, 'company_name': 'Qualcomm', 'experience': '0 - 1 Years', 'salary': 'Rs. 12 LPA - Rs. 18 LPA', 'location': 'Hyderabad', 'job_description': None, 'skills': ['C', 'C++', 'Java', 'Python']}","{'job title': 'Engineer-APT', 'job link': None, 'company name': 'Qualcomm', 'experience': '0 - 1 Years', 'salary': 'Rs. 12 LPA - Rs. 18 LPA', 'location': 'Hyderabad', 'job description': None, 'skills': ['C', 'C++', 'Java', 'Python']}"
"{'Company Name': 'MoEngage', 'Job Title': 'Software Engineer (Backend)', 'Location': 'Bangalore', 'Skills': ""['Java', 'Python', 'AWS']"", 'Job Type': 'In-Office', 'Salary': 'Rs. 10 LPA - Rs. 18 LPA', 'Experience': 'Year of experience - 0 - 1 Years'}","{'job_title': 'Software Engineer (Backend)', 'job_link': None, 'company_name': 'MoEngage', 'experience': '0 - 1 Years', 'salary': 'Rs. 10 LPA - Rs. 18 LPA', 'location': 'Bangalore', 'job_description': None, 'skills': ['Java', 'Python', 'AWS']}","{'job title': 'Software Engineer (Backend)', 'job link': None, 'company name': 'MoEngage', 'experience': '0 - 1 Years', 'salary': 'Rs. 10 LPA - Rs. 18 LPA', 'location': 'Bangalore', 'job description': None, 'skills': ['Java', 'Python', 'AWS']}"
"{'Company Name': 'Goldman Sachs', 'Job Title': 'Risk Analyst - Software Engineering', 'Location': 'Bengaluru', 'Skills': ""['Python', 'SQL']"", 'Job Type': 'In-Office', 'Salary': 'Rs. 10 LPA - Rs. 18 LPA', 'Experience': 'Year of experience - 0 - 2 Years'}","{'job_title': 'Risk Analyst - Software Engineering', 'job_link': None, 'company_name': 'Goldman Sachs', 'experience': '0 - 2 Years', 'salary': 'Rs. 10 LPA - Rs. 18 LPA', 'location': 'Bengaluru', 'job_description': None, 'skills': ['Python', 'SQL']}","{'job title': 'Risk Analyst - Software Engineering', 'job link': None, 'company name': 'Goldman Sachs', 'experience': '0 - 2 Years', 'salary': 'Rs. 10 LPA - Rs. 18 LPA', 'location': 'Bengaluru', 'job description': None, 'skills': ['Python', 'SQL']}"
"{'Company Name': 'Barclays', 'Job Title': 'Product Developer', 'Location': 'Chennai, Pune', 'Skills': ""['Python', 'SQL']"", 'Job Type': 'In-Office', 'Salary': 'Rs. 8 LPA - Rs. 12 LPA', 'Experience': 'Year of experience - Fresher'}","{'job_title': 'Product Developer', 'job_link': None, 'company_name': 'Barclays', 'experience': 'Fresher', 'salary': 'Rs. 8 LPA - Rs. 12 LPA', 'location': 'Chennai, Pune', 'job_description': None, 'skills': ['Python', 'SQL']}","{'job title': 'Product Developer', 'job link': None, 'company name': 'Barclays', 'experience': 'Fresher', 'salary': 'Rs. 8 LPA - Rs. 12 LPA', 'location': 'Chennai, Pune', 'job description': None, 'skills': ['Python', 'SQL']}"
"{'Company Name': 'Turing', 'Job Title': 'Remote Fullstack Specialist', 'Location': 'Remote', 'Skills': ""['Fullstack Development']"", 'Job Type': 'Remote', 'Salary': 'Rs. 6 LPA - Rs. 10 LPA', 'Experience': 'Year of experience - Fresher'}","{'job_title': 'Remote Fullstack Specialist', 'job_link': None, 'company_name': 'Turing', 'experience': 'Fresher', 'salary': 'Rs. 6 LPA - Rs. 10 LPA', 'location': 'Remote', 'job_description': None, 'skills': ['Fullstack Development']}","{'job title': 'Remote Fullstack Specialist', 'job link': None, 'company name': 'Turing', 'experience': 'Fresher', 'salary': 'Rs. 6 LPA - Rs. 10 LPA', 'location': 'Remote', 'job description': None, 'skills': ['Fullstack Development']}"
"{'Company Name': 'Adani AI Labs', 'Job Title': 'Frontend Developer', 'Location': 'Kolkata', 'Skills': ""['HTML', 'CSS', 'Javascript']"", 'Job Type': 'In-Office', 'Salary': 'Rs. 4 LPA - Rs. 6.5 LPA', 'Experience': 'Year of experience - Fresher'}","{'job_title': 'Frontend Developer', 'job_link': None, 'company_name': 'Adani AI Labs', 'experience': 'Fresher', 'salary': 'Rs. 4 LPA - Rs. 6.5 LPA', 'location': 'Kolkata', 'job_description': None, 'skills': ['HTML', 'CSS', 'Javascript']}","{'job title': 'Frontend Developer', 'job link': None, 'company name': 'Adani AI Labs', 'experience': 'Fresher', 'salary': 'Rs. 4 LPA - Rs. 6.5 LPA', 'location': 'Kolkata', 'job description': None, 'skills': ['HTML', 'CSS', 'Javascript']}"
"{'Company Name': 'Rubrik', 'Job Title': 'Software Engineer - Cloud Native VM', 'Location': 'Bangalore', 'Skills': ""['Java', 'C/C++', 'Scala', 'Python']"", 'Job Type': 'In-Office', 'Salary': 'Rs. 12 LPA - Rs. 22 LPA', 'Experience': 'Year of experience - 0 - 2 Years'}","{'job_title': 'Software Engineer - Cloud Native VM', 'job_link': None, 'company_name': 'Rubrik', 'experience': '0 - 2 Years', 'salary': 'Rs. 12 LPA - Rs. 22 LPA', 'location': 'Bangalore', 'job_description': None, 'skills': ['Java', 'C/C++', 'Scala', 'Python']}","{'job title': 'Software Engineer - Cloud Native VM', 'job link': None, 'company name': 'Rubrik', 'experience': '0 - 2 Years', 'salary': 'Rs. 12 LPA - Rs. 22 LPA', 'location': 'Bangalore', 'job description': None, 'skills': ['Java', 'C/C++', 'Scala', 'Python']}"
